profile_owner,profile_id
0x73830811f177594866961267ec46da9b224d08bedc9f7c8bbc2e7d98d950b1e,35
0x755ff149966c3872a7027178a1aebf72573a63c213dfd7d10a78cdfbf71ad36,26
0x755ff149966c3872a7027178a1aebf72573a63c213dfd7d10a78cdfbf71ad36,19
0x73830811f177594866961267ec46da9b224d08bedc9f7c8bbc2e7d98d950b1e,23
0x290b4a709e3606405e26e0570d6a65eacb8256a592e2c23515061ef3b40055b,33
0x290b4a709e3606405e26e0570d6a65eacb8256a592e2c23515061ef3b40055b,34
0x290b4a709e3606405e26e0570d6a65eacb8256a592e2c23515061ef3b40055b,35
0x11eeffbcd95b36a73317e84d8c7d58c9695a823fb7a753c238d7b9e8f99c940,26
0x113c4d19bff945b2f864b30b4a522e886fdda0d445c6247d62b29edad5de9d8,25
0x41eea77831fa3efd685dbc4478af73bba550504591b56e6b4604dd8879b29bd,6
0x41eea77831fa3efd685dbc4478af73bba550504591b56e6b4604dd8879b29bd,5
0x41eea77831fa3efd685dbc4478af73bba550504591b56e6b4604dd8879b29bd,4
0x41eea77831fa3efd685dbc4478af73bba550504591b56e6b4604dd8879b29bd,3
0x41eea77831fa3efd685dbc4478af73bba550504591b56e6b4604dd8879b29bd,2
0x41eea77831fa3efd685dbc4478af73bba550504591b56e6b4604dd8879b29bd,19
0x41eea77831fa3efd685dbc4478af73bba550504591b56e6b4604dd8879b29bd,1
0x5f3f3976d31ad3a2c797027326cd91600b49091fee86648dd1f18cb81f62298,24
0x6464ea7cf374f97cbfd21002d9b137152a04a0b294c57efd0821ec77b8a395a,8
0x11eeffbcd95b36a73317e84d8c7d58c9695a823fb7a753c238d7b9e8f99c940,8
0x11eeffbcd95b36a73317e84d8c7d58c9695a823fb7a753c238d7b9e8f99c940,18
0x7cc584c10bfb4f069527b5f299e8ae83d6ef84164e5307dc2773401d2ea64bc,19
0x7cc584c10bfb4f069527b5f299e8ae83d6ef84164e5307dc2773401d2ea64bc,18
0x5547e736cc915ef3f475508a624d9c3c33da5856b23fe9d99f487dacea67a13,12
0x5547e736cc915ef3f475508a624d9c3c33da5856b23fe9d99f487dacea67a13,11
0x5547e736cc915ef3f475508a624d9c3c33da5856b23fe9d99f487dacea67a13,10
0x5547e736cc915ef3f475508a624d9c3c33da5856b23fe9d99f487dacea67a13,9
0x5547e736cc915ef3f475508a624d9c3c33da5856b23fe9d99f487dacea67a13,8
0x5547e736cc915ef3f475508a624d9c3c33da5856b23fe9d99f487dacea67a13,7
0x5547e736cc915ef3f475508a624d9c3c33da5856b23fe9d99f487dacea67a13,6
0x5547e736cc915ef3f475508a624d9c3c33da5856b23fe9d99f487dacea67a13,5
0x5547e736cc915ef3f475508a624d9c3c33da5856b23fe9d99f487dacea67a13,4
0x5547e736cc915ef3f475508a624d9c3c33da5856b23fe9d99f487dacea67a13,3
0x5547e736cc915ef3f475508a624d9c3c33da5856b23fe9d99f487dacea67a13,2
0x5547e736cc915ef3f475508a624d9c3c33da5856b23fe9d99f487dacea67a13,1
0x2b7a18f92007bcc2563ee1839bdf495446cd7cc84235780890850aab1bdf3cd,1
0x4b2705fd153ea60c7d8cc0ffae56588d367746ba13d3221274c773c69aa78d9,12
0x4b2705fd153ea60c7d8cc0ffae56588d367746ba13d3221274c773c69aa78d9,11
0x4b2705fd153ea60c7d8cc0ffae56588d367746ba13d3221274c773c69aa78d9,10
0x4b2705fd153ea60c7d8cc0ffae56588d367746ba13d3221274c773c69aa78d9,9
0x4b2705fd153ea60c7d8cc0ffae56588d367746ba13d3221274c773c69aa78d9,8
0x4b2705fd153ea60c7d8cc0ffae56588d367746ba13d3221274c773c69aa78d9,6
0x4b2705fd153ea60c7d8cc0ffae56588d367746ba13d3221274c773c69aa78d9,5
0x4b2705fd153ea60c7d8cc0ffae56588d367746ba13d3221274c773c69aa78d9,3
0x4b2705fd153ea60c7d8cc0ffae56588d367746ba13d3221274c773c69aa78d9,2
0x4b2705fd153ea60c7d8cc0ffae56588d367746ba13d3221274c773c69aa78d9,1
0x4b2705fd153ea60c7d8cc0ffae56588d367746ba13d3221274c773c69aa78d9,7
0x73830811f177594866961267ec46da9b224d08bedc9f7c8bbc2e7d98d950b1e,12
0x73830811f177594866961267ec46da9b224d08bedc9f7c8bbc2e7d98d950b1e,5
0x5af7dc87d46f8a296683d812b88155322aef6072ac025a6fb11b0e311b81ea9,1
0x73830811f177594866961267ec46da9b224d08bedc9f7c8bbc2e7d98d950b1e,4
0x73830811f177594866961267ec46da9b224d08bedc9f7c8bbc2e7d98d950b1e,2
0x73830811f177594866961267ec46da9b224d08bedc9f7c8bbc2e7d98d950b1e,1
0x5120a9dcce39bd6057c1df312f36862718dabce1baf36bc6af468cd447d5638,2
