profile_id,profile_owner,handle
103,0x290b4a709e3606405e26e0570d6a65eacb8256a592e2c23515061ef3b40055b,gmlfg.graph
102,0x14b3e937a8fb7f6ad7f6a58596bb101e3c63ae78fe583e1a3b40104b0697f98,bukeai.graph
101,0x1292e044010fd21fb57b355458cf72eb50e045d31219fccf26ee3ab76dd5a3f,maki
100,0x1292e044010fd21fb57b355458cf72eb50e045d31219fccf26ee3ab76dd5a3f,defi.graph
99,0x63da6bc8d8a292d697cd9d0cb83d34a57b75ee8735e23999fc37df13c9bb0e3,21314.graph
98,0x7b3e3c543303cc8654f1d384134b19217848b0fbfd1c54213fa32457a439dc8,regan.graph
97,0x63da6bc8d8a292d697cd9d0cb83d34a57b75ee8735e23999fc37df13c9bb0e3,cryptoken.graph
96,0x56e18aac3cde4659e35d0015fd68d5868ee66b2102df1d3f101de8fabe73fe,.applebees
95,0x56e18aac3cde4659e35d0015fd68d5868ee66b2102df1d3f101de8fabe73fe,.1
94,0x577d55195aa457e57e65e08cb4cad1af5a00f301bb0567eb56fddcfa10b5674,1.graph
93,0x7cc584c10bfb4f069527b5f299e8ae83d6ef84164e5307dc2773401d2ea64bc,0.graph
92,0x9c1d2721866c4d5bbd0996e0cff8285ea8695073ea0d1a49d6d7c0c217dbec,zk.graph
91,0x5547e736cc915ef3f475508a624d9c3c33da5856b23fe9d99f487dacea67a13,the.graph
90,0x577d55195aa457e57e65e08cb4cad1af5a00f301bb0567eb56fddcfa10b5674,beer.graph
89,0x9c1d2721866c4d5bbd0996e0cff8285ea8695073ea0d1a49d6d7c0c217dbec,bob.graph
88,0x7cc584c10bfb4f069527b5f299e8ae83d6ef84164e5307dc2773401d2ea64bc,aliceX.graph
87,0x5547e736cc915ef3f475508a624d9c3c33da5856b23fe9d99f487dacea67a13,alice.graph
86,0x3d737d394a30ecccefa6980f0ec88a39a64c8cc92a8069c3f945507962f8a1d,slowdown.graph
