follower,profile_id
0x73830811f177594866961267ec46da9b224d08bedc9f7c8bbc2e7d98d950b1e,15
0x7cc584c10bfb4f069527b5f299e8ae83d6ef84164e5307dc2773401d2ea64bc,13
0x5547e736cc915ef3f475508a624d9c3c33da5856b23fe9d99f487dacea67a13,13
0x744ae55880f9c6c71e068b6b6799797017b572a5aa3e43712f63b2261b54672,13
0x4b2705fd153ea60c7d8cc0ffae56588d367746ba13d3221274c773c69aa78d9,13
0x1c7c457c0232d84da58639b549251dbd15aa71aae043d24e078f7cc070ac6bb,1
0x1c7c457c0232d84da58639b549251dbd15aa71aae043d24e078f7cc070ac6bb,2
0x1c7c457c0232d84da58639b549251dbd15aa71aae043d24e078f7cc070ac6bb,3
0x1c7c457c0232d84da58639b549251dbd15aa71aae043d24e078f7cc070ac6bb,4
0x1c7c457c0232d84da58639b549251dbd15aa71aae043d24e078f7cc070ac6bb,29
0x73830811f177594866961267ec46da9b224d08bedc9f7c8bbc2e7d98d950b1e,49
0x47184b46d71c1ea5086b242b2fe8d0b20eb574109560c9b6429558ead143fa,8
0x1002bfe4d330aeee10d35205bdf4db5f25a779271f07c4baf51c9efc87769cd,7
0x1002bfe4d330aeee10d35205bdf4db5f25a779271f07c4baf51c9efc87769cd,1
0x161a9bca8dcc5975a03b12f5f7bf9610e1541635eb40eb3a89baeedc168e636,29
0x37207d5fd4c1bb0c81a66a28c910a48d2ef657a3c0775f9812ace23d4696c64,33
0x4f87b800641e6c113afe3110d41d8019d31a7d54c9c45e3b60f59375fb5eb15,46
0x4f87b800641e6c113afe3110d41d8019d31a7d54c9c45e3b60f59375fb5eb15,26
0x5c34ad8a5886e7ab49afc39188480a2dc28a607232fde8a33de05b8f6a2e009,45
0x38aa9c00ad43729e1af15c20c6449ec3eb97d1ba097a6bbf75f04d88eaeefd1,4
0x25e89f89e1d21ab7895108308fcfd564a25d72746f2ea12225eeff42472e4ba,1
0x38aa9c00ad43729e1af15c20c6449ec3eb97d1ba097a6bbf75f04d88eaeefd1,19
0x551801b95c0ca7d0bdc1fe0f95e88dab16c506571ef9487e5dcd35c58c558d5,1
0x1c7c457c0232d84da58639b549251dbd15aa71aae043d24e078f7cc070ac6bb,4
