follower,profile_id
0x505cc7bb71fabcba3df11b6d35aaa26a245a26aa768e85a4baa41f9926fc8f1,55
0x7e4a67b3e6fc4cc49df6ddee3c27d5d064efcaced0656ef9f71de81556f60b7,26
0x7e4a67b3e6fc4cc49df6ddee3c27d5d064efcaced0656ef9f71de81556f60b7,7
0x7e4a67b3e6fc4cc49df6ddee3c27d5d064efcaced0656ef9f71de81556f60b7,44
0x7e4a67b3e6fc4cc49df6ddee3c27d5d064efcaced0656ef9f71de81556f60b7,3
0x7e4a67b3e6fc4cc49df6ddee3c27d5d064efcaced0656ef9f71de81556f60b7,2
0x1c518d612270503749f650fa5ebcfd0422d2cef3a6531a0bf9fdeccd0bc1505,1
0x7e4a67b3e6fc4cc49df6ddee3c27d5d064efcaced0656ef9f71de81556f60b7,1
0x5547e736cc915ef3f475508a624d9c3c33da5856b23fe9d99f487dacea67a13,90
0x5547e736cc915ef3f475508a624d9c3c33da5856b23fe9d99f487dacea67a13,91
0x5547e736cc915ef3f475508a624d9c3c33da5856b23fe9d99f487dacea67a13,20
0x290b4a709e3606405e26e0570d6a65eacb8256a592e2c23515061ef3b40055b,8
0x290b4a709e3606405e26e0570d6a65eacb8256a592e2c23515061ef3b40055b,36
0x3d737d394a30ecccefa6980f0ec88a39a64c8cc92a8069c3f945507962f8a1d,1
0x1292e044010fd21fb57b355458cf72eb50e045d31219fccf26ee3ab76dd5a3f,82
0x1292e044010fd21fb57b355458cf72eb50e045d31219fccf26ee3ab76dd5a3f,41
0x2b7a18f92007bcc2563ee1839bdf495446cd7cc84235780890850aab1bdf3cd,63
0x63da6bc8d8a292d697cd9d0cb83d34a57b75ee8735e23999fc37df13c9bb0e3,1
0x47184b46d71c1ea5086b242b2fe8d0b20eb574109560c9b6429558ead143fa,8
0x1002bfe4d330aeee10d35205bdf4db5f25a779271f07c4baf51c9efc87769cd,7
0x1002bfe4d330aeee10d35205bdf4db5f25a779271f07c4baf51c9efc87769cd,1
0x161a9bca8dcc5975a03b12f5f7bf9610e1541635eb40eb3a89baeedc168e636,29
0x37207d5fd4c1bb0c81a66a28c910a48d2ef657a3c0775f9812ace23d4696c64,33
0x4f87b800641e6c113afe3110d41d8019d31a7d54c9c45e3b60f59375fb5eb15,46
0x4f87b800641e6c113afe3110d41d8019d31a7d54c9c45e3b60f59375fb5eb15,26
0x5c34ad8a5886e7ab49afc39188480a2dc28a607232fde8a33de05b8f6a2e009,45
0x38aa9c00ad43729e1af15c20c6449ec3eb97d1ba097a6bbf75f04d88eaeefd1,4
0x25e89f89e1d21ab7895108308fcfd564a25d72746f2ea12225eeff42472e4ba,1
0x38aa9c00ad43729e1af15c20c6449ec3eb97d1ba097a6bbf75f04d88eaeefd1,19
0x551801b95c0ca7d0bdc1fe0f95e88dab16c506571ef9487e5dcd35c58c558d5,1
0x1c7c457c0232d84da58639b549251dbd15aa71aae043d24e078f7cc070ac6bb,4
0x1c7c457c0232d84da58639b549251dbd15aa71aae043d24e078f7cc070ac6bb,1
0x1c7c457c0232d84da58639b549251dbd15aa71aae043d24e078f7cc070ac6bb,2
0x1c7c457c0232d84da58639b549251dbd15aa71aae043d24e078f7cc070ac6bb,3
0x1c7c457c0232d84da58639b549251dbd15aa71aae043d24e078f7cc070ac6bb,29
0x73830811f177594866961267ec46da9b224d08bedc9f7c8bbc2e7d98d950b1e,49
0x73830811f177594866961267ec46da9b224d08bedc9f7c8bbc2e7d98d950b1e,15
0x7cc584c10bfb4f069527b5f299e8ae83d6ef84164e5307dc2773401d2ea64bc,13
0x5547e736cc915ef3f475508a624d9c3c33da5856b23fe9d99f487dacea67a13,13
0x744ae55880f9c6c71e068b6b6799797017b572a5aa3e43712f63b2261b54672,13
0x4b2705fd153ea60c7d8cc0ffae56588d367746ba13d3221274c773c69aa78d9,13
0x72aa6398432f500fa5042867790154d08040b26bbd240c27d3210cdff0456ba,17
0x72aa6398432f500fa5042867790154d08040b26bbd240c27d3210cdff0456ba,4
0x72aa6398432f500fa5042867790154d08040b26bbd240c27d3210cdff0456ba,46
0x113c4d19bff945b2f864b30b4a522e886fdda0d445c6247d62b29edad5de9d8,46
0x72aa6398432f500fa5042867790154d08040b26bbd240c27d3210cdff0456ba,29
0x72aa6398432f500fa5042867790154d08040b26bbd240c27d3210cdff0456ba,26
0x44fd8593ce6a773ffaa5ab60d1688f4b68e53c2449c135543903547fcea432,25
0x44fd8593ce6a773ffaa5ab60d1688f4b68e53c2449c135543903547fcea432,40
0x44fd8593ce6a773ffaa5ab60d1688f4b68e53c2449c135543903547fcea432,41
0x113c4d19bff945b2f864b30b4a522e886fdda0d445c6247d62b29edad5de9d8,8
0x113c4d19bff945b2f864b30b4a522e886fdda0d445c6247d62b29edad5de9d8,5
0x113c4d19bff945b2f864b30b4a522e886fdda0d445c6247d62b29edad5de9d8,2
0x113c4d19bff945b2f864b30b4a522e886fdda0d445c6247d62b29edad5de9d8,34
0x11eeffbcd95b36a73317e84d8c7d58c9695a823fb7a753c238d7b9e8f99c940,39
0x11eeffbcd95b36a73317e84d8c7d58c9695a823fb7a753c238d7b9e8f99c940,4
0x11eeffbcd95b36a73317e84d8c7d58c9695a823fb7a753c238d7b9e8f99c940,29
0x113c4d19bff945b2f864b30b4a522e886fdda0d445c6247d62b29edad5de9d8,26
0x113c4d19bff945b2f864b30b4a522e886fdda0d445c6247d62b29edad5de9d8,39
0x1c518d612270503749f650fa5ebcfd0422d2cef3a6531a0bf9fdeccd0bc1505,26
0x1f7d5fc720d07c528db52e68874f61d22b66fc2569741cbf168f7df84b43f50,19
0x1f7d5fc720d07c528db52e68874f61d22b66fc2569741cbf168f7df84b43f50,26
0x1f7d5fc720d07c528db52e68874f61d22b66fc2569741cbf168f7df84b43f50,29
0x1f7d5fc720d07c528db52e68874f61d22b66fc2569741cbf168f7df84b43f50,3
0x1f7d5fc720d07c528db52e68874f61d22b66fc2569741cbf168f7df84b43f50,2
0x113c4d19bff945b2f864b30b4a522e886fdda0d445c6247d62b29edad5de9d8,19
0x113c4d19bff945b2f864b30b4a522e886fdda0d445c6247d62b29edad5de9d8,4
0x113c4d19bff945b2f864b30b4a522e886fdda0d445c6247d62b29edad5de9d8,29
0x5518b60b96d5b951c545b1282652453ebd675ffb2e11c5e1aad604d1ce8ddb0,4
0x73830811f177594866961267ec46da9b224d08bedc9f7c8bbc2e7d98d950b1e,35
0x755ff149966c3872a7027178a1aebf72573a63c213dfd7d10a78cdfbf71ad36,26
0x755ff149966c3872a7027178a1aebf72573a63c213dfd7d10a78cdfbf71ad36,19
0x73830811f177594866961267ec46da9b224d08bedc9f7c8bbc2e7d98d950b1e,23
0x290b4a709e3606405e26e0570d6a65eacb8256a592e2c23515061ef3b40055b,33
0x290b4a709e3606405e26e0570d6a65eacb8256a592e2c23515061ef3b40055b,34
0x290b4a709e3606405e26e0570d6a65eacb8256a592e2c23515061ef3b40055b,35
0x11eeffbcd95b36a73317e84d8c7d58c9695a823fb7a753c238d7b9e8f99c940,26
0x113c4d19bff945b2f864b30b4a522e886fdda0d445c6247d62b29edad5de9d8,25
0x41eea77831fa3efd685dbc4478af73bba550504591b56e6b4604dd8879b29bd,6
0x41eea77831fa3efd685dbc4478af73bba550504591b56e6b4604dd8879b29bd,5
0x41eea77831fa3efd685dbc4478af73bba550504591b56e6b4604dd8879b29bd,4
0x41eea77831fa3efd685dbc4478af73bba550504591b56e6b4604dd8879b29bd,3
0x41eea77831fa3efd685dbc4478af73bba550504591b56e6b4604dd8879b29bd,2
0x41eea77831fa3efd685dbc4478af73bba550504591b56e6b4604dd8879b29bd,1
0x41eea77831fa3efd685dbc4478af73bba550504591b56e6b4604dd8879b29bd,19
0x5f3f3976d31ad3a2c797027326cd91600b49091fee86648dd1f18cb81f62298,24
0x6464ea7cf374f97cbfd21002d9b137152a04a0b294c57efd0821ec77b8a395a,8
0x11eeffbcd95b36a73317e84d8c7d58c9695a823fb7a753c238d7b9e8f99c940,8
0x11eeffbcd95b36a73317e84d8c7d58c9695a823fb7a753c238d7b9e8f99c940,18
0x7cc584c10bfb4f069527b5f299e8ae83d6ef84164e5307dc2773401d2ea64bc,19
0x7cc584c10bfb4f069527b5f299e8ae83d6ef84164e5307dc2773401d2ea64bc,18
0x5547e736cc915ef3f475508a624d9c3c33da5856b23fe9d99f487dacea67a13,12
0x5547e736cc915ef3f475508a624d9c3c33da5856b23fe9d99f487dacea67a13,11
0x5547e736cc915ef3f475508a624d9c3c33da5856b23fe9d99f487dacea67a13,10
0x5547e736cc915ef3f475508a624d9c3c33da5856b23fe9d99f487dacea67a13,9
0x5547e736cc915ef3f475508a624d9c3c33da5856b23fe9d99f487dacea67a13,8
0x5547e736cc915ef3f475508a624d9c3c33da5856b23fe9d99f487dacea67a13,7
0x5547e736cc915ef3f475508a624d9c3c33da5856b23fe9d99f487dacea67a13,6
0x5547e736cc915ef3f475508a624d9c3c33da5856b23fe9d99f487dacea67a13,5
0x5547e736cc915ef3f475508a624d9c3c33da5856b23fe9d99f487dacea67a13,4
0x5547e736cc915ef3f475508a624d9c3c33da5856b23fe9d99f487dacea67a13,3
0x5547e736cc915ef3f475508a624d9c3c33da5856b23fe9d99f487dacea67a13,2
0x5547e736cc915ef3f475508a624d9c3c33da5856b23fe9d99f487dacea67a13,1
0x2b7a18f92007bcc2563ee1839bdf495446cd7cc84235780890850aab1bdf3cd,1
0x4b2705fd153ea60c7d8cc0ffae56588d367746ba13d3221274c773c69aa78d9,12
0x4b2705fd153ea60c7d8cc0ffae56588d367746ba13d3221274c773c69aa78d9,11
0x4b2705fd153ea60c7d8cc0ffae56588d367746ba13d3221274c773c69aa78d9,10
0x4b2705fd153ea60c7d8cc0ffae56588d367746ba13d3221274c773c69aa78d9,9
0x4b2705fd153ea60c7d8cc0ffae56588d367746ba13d3221274c773c69aa78d9,8
0x4b2705fd153ea60c7d8cc0ffae56588d367746ba13d3221274c773c69aa78d9,6
0x4b2705fd153ea60c7d8cc0ffae56588d367746ba13d3221274c773c69aa78d9,5
0x4b2705fd153ea60c7d8cc0ffae56588d367746ba13d3221274c773c69aa78d9,3
0x4b2705fd153ea60c7d8cc0ffae56588d367746ba13d3221274c773c69aa78d9,2
0x4b2705fd153ea60c7d8cc0ffae56588d367746ba13d3221274c773c69aa78d9,1
0x4b2705fd153ea60c7d8cc0ffae56588d367746ba13d3221274c773c69aa78d9,7
0x73830811f177594866961267ec46da9b224d08bedc9f7c8bbc2e7d98d950b1e,12
0x73830811f177594866961267ec46da9b224d08bedc9f7c8bbc2e7d98d950b1e,5
0x5af7dc87d46f8a296683d812b88155322aef6072ac025a6fb11b0e311b81ea9,1
0x73830811f177594866961267ec46da9b224d08bedc9f7c8bbc2e7d98d950b1e,4
0x73830811f177594866961267ec46da9b224d08bedc9f7c8bbc2e7d98d950b1e,2
0x73830811f177594866961267ec46da9b224d08bedc9f7c8bbc2e7d98d950b1e,1
0x5120a9dcce39bd6057c1df312f36862718dabce1baf36bc6af468cd447d5638,2
